Numero a buscar, Tamaño n, Tiempo real, Encontrado
0
,9000000
,0.0258030891,n
5000
,9000000
,0.0217111111,n
61396
,9000000
,0.0232548714,n
152503
,9000000
,0.0240619183,n
214826
,9000000
,0.0215790272,n
322486
,9000000
,0.0307800770,n
3128036
,9000000
,0.0275549889,n
6337399
,9000000
,0.0218729973,n
10393545
,9000000
,0.0236010551,n
14700764
,9000000
,0.0311379433,n
187645041
,9000000
,0.0238759518,n
450057883
,9000000
,0.0232110023,n
1295390003
,9000000
,0.0237679482,n
1360839354
,9000000
,0.0268139839,n
1493283650
,9000000
,0.0229430199,n
1843349527
,9000000
,0.0221397877,n
1980098116
,9000000
,0.0225870609,n
2109248666
,9000000
,0.0212330818,n
2147445644
,9000000
,0.0229659081,n
2147470852
,9000000
,0.0235381126,n
