Numero a buscar, Tamaño n, Tiempo real, Encontrado
0
,10000000
,0.0259220600,n
5000
,10000000
,0.0264570713,n
61396
,10000000
,0.0267820358,n
152503
,10000000
,0.0270879269,n
214826
,10000000
,0.0330438614,n
322486
,10000000
,0.0261921883,n
3128036
,10000000
,0.0273520947,n
6337399
,10000000
,0.0311849117,n
10393545
,10000000
,0.0254571438,n
14700764
,10000000
,0.0273921490,n
187645041
,10000000
,0.0266871452,n
450057883
,10000000
,0.0261819363,n
1295390003
,10000000
,0.0264351368,n
1360839354
,10000000
,0.0271968842,n
1493283650
,10000000
,0.0141940117,n
1843349527
,10000000
,0.0246610641,n
1980098116
,10000000
,0.0266039371,n
2109248666
,10000000
,0.0283539295,n
2147445644
,10000000
,0.0366029739,n
2147470852
,10000000
,0.0318150520,n
