Numero a buscar, Tamaño n, Tiempo real, Encontrado
0
,8000000
,0.0227210522,n
5000
,8000000
,0.0207140446,n
61396
,8000000
,0.0213639736,n
152503
,8000000
,0.0231699944,n
214826
,8000000
,0.0227849483,n
322486
,8000000
,0.0193440914,n
3128036
,8000000
,0.0214309692,n
6337399
,8000000
,0.0204999447,n
10393545
,8000000
,0.0218319893,n
14700764
,8000000
,0.0219352245,n
187645041
,8000000
,0.0209250450,n
450057883
,8000000
,0.0218961239,n
1295390003
,8000000
,0.0219190121,n
1360839354
,8000000
,0.0214509964,n
1493283650
,8000000
,0.0118088722,n
1843349527
,8000000
,0.0225121975,n
1980098116
,8000000
,0.0207469463,n
2109248666
,8000000
,0.0198769569,n
2147445644
,8000000
,0.0210061073,n
2147470852
,8000000
,0.0227630138,n
