Numero a buscar, Tamaño n, Tiempo real, Encontrado
0
,6000000
,0.0161638260,n
5000
,6000000
,0.0195260048,n
61396
,6000000
,0.0174360275,n
152503
,6000000
,0.0184648037,n
214826
,6000000
,0.0172231197,n
322486
,6000000
,0.0165460110,n
3128036
,6000000
,0.0170671940,n
6337399
,6000000
,0.0205531120,n
10393545
,6000000
,0.0171210766,n
14700764
,6000000
,0.0171620846,n
187645041
,6000000
,0.0234091282,n
450057883
,6000000
,0.0171191692,n
1295390003
,6000000
,0.0173771381,n
1360839354
,6000000
,0.0183570385,n
