Numero a buscar, Tamaño n, Tiempo real, Encontrado
0
,3000000
,0.0088500977,n
5000
,3000000
,0.0086948872,n
61396
,3000000
,0.0087320805,n
152503
,3000000
,0.0091149807,n
214826
,3000000
,0.0086810589,n
322486
,3000000
,0.0087409019,n
3128036
,3000000
,0.0082759857,n
6337399
,3000000
,0.0086550713,n
10393545
,3000000
,0.0086371899,n
14700764
,3000000
,0.0087671280,n
187645041
,3000000
,0.0086219311,n
450057883
,3000000
,0.0087480545,n
1295390003
,3000000
,0.0088469982,n
1360839354
,3000000
,0.0086858273,n
1493283650
,3000000
,0.0044438839,n
1843349527
,3000000
,0.0086710453,n
1980098116
,3000000
,0.0087771416,n
2109248666
,3000000
,0.0091779232,n
2147445644
,3000000
,0.0087668896,n
2147470852
,3000000
,0.0085868835,n
