Numero a buscar, Tamaño n, Tiempo real, Encontrado
0
,7000000
,0.0175828934,n
5000
,7000000
,0.0184659958,n
61396
,7000000
,0.0189230442,n
152503
,7000000
,0.0168869495,n
214826
,7000000
,0.0176250935,n
322486
,7000000
,0.0185730457,n
3128036
,7000000
,0.0176038742,n
6337399
,7000000
,0.0180652142,n
10393545
,7000000
,0.0215380192,n
14700764
,7000000
,0.0194349289,n
187645041
,7000000
,0.0165338516,n
450057883
,7000000
,0.0195109844,n
1295390003
,7000000
,0.0197739601,n
1360839354
,7000000
,0.0187578201,n
1493283650
,7000000
,0.0205609798,n
1843349527
,7000000
,0.0189969540,n
1980098116
,7000000
,0.0188331604,n
2109248666
,7000000
,0.0192599297,n
2147445644
,7000000
,0.0178220272,n
2147470852
,7000000
,0.0167860985,n
