Numero a buscar, Tamaño n, Tiempo real, Encontrado
0
,1000000
,0.0035591125,n
5000
,1000000
,0.0030269623,n
61396
,1000000
,0.0030770302,n
152503
,1000000
,0.0030069351,n
214826
,1000000
,0.0037829876,n
322486
,1000000
,0.0058400631,n
3128036
,1000000
,0.0031068325,n
6337399
,1000000
,0.0032410622,n
10393545
,1000000
,0.0030329227,n
14700764
,1000000
,0.0031919479,n
187645041
,1000000
,0.0031549931,n
450057883
,1000000
,0.0030660629,n
1295390003
,1000000
,0.0032501221,n
1360839354
,1000000
,0.0039579868,n
1493283650
,1000000
,0.0027391911,n
1843349527
,1000000
,0.0035769939,n
1980098116
,1000000
,0.0036170483,n
2109248666
,1000000
,0.0035049915,n
2147445644
,1000000
,0.0031740665,n
2147470852
,1000000
,0.0030460358,n
