Numero a buscar, Tamaño n, Tiempo real, Encontrado
0
,2000000
,0.0057990551,n
5000
,2000000
,0.0059030056,n
61396
,2000000
,0.0058090687,n
152503
,2000000
,0.0215358734,n
214826
,2000000
,0.0059239864,n
322486
,2000000
,0.0059080124,n
3128036
,2000000
,0.0058670044,n
6337399
,2000000
,0.0059580803,n
10393545
,2000000
,0.0082769394,n
14700764
,2000000
,0.0065939426,n
187645041
,2000000
,0.0060319901,n
450057883
,2000000
,0.0071990490,n
1295390003
,2000000
,0.0059080124,n
1360839354
,2000000
,0.0085220337,n
1493283650
,2000000
,0.0037810802,n
1843349527
,2000000
,0.0059871674,n
1980098116
,2000000
,0.0059828758,n
2109248666
,2000000
,0.0058629513,n
2147445644
,2000000
,0.0059180260,n
2147470852
,2000000
,0.0060291290,n
